"","vars","n","mean","sd","median","trimmed","mad","min","max","range","skew","kurtosis","se"
"item18",1,568,1,0,1,1,0,1,1,0,NA,NA,0
"item19",2,568,2.97007042253521,0.99778519916558,3,2.93201754385965,1.4826,1,5,4,0.208601587389212,-0.655253271000124,0.0418661369362052
"item20",3,568,2.23943661971831,0.96265049646233,2,2.18201754385965,1.4826,1,5,4,0.27782858588743,-0.612513394429595,0.040391917559312
"item21",4,568,3.78697183098592,1.09771575522794,4,3.90570175438596,1.4826,1,5,4,-0.778470702181504,-0.134282949182717,0.0460591299247931
"item22",5,568,3.64964788732394,1.02291205983076,4,3.71271929824561,1.4826,1,5,4,-0.455639031688558,-0.476478188982547,0.042920436589342
"item23",6,568,3.17957746478873,1.48221859224202,3,3.22368421052632,1.4826,1,5,4,-0.199163580620991,-1.35750502027339,0.0621925105765133
"item24",7,568,3.09330985915493,1.16840730125715,3,3.11622807017544,1.4826,1,5,4,-0.141436384740454,-0.896862725828948,0.0490252813056373
"item25",8,568,3.96830985915493,0.921456535710835,4,4.06359649122807,1.4826,1,5,4,-0.599038962618785,-0.417904037485104,0.038663457362459
"item26",9,568,3.08274647887324,1.22949561322948,3,3.1030701754386,1.4826,1,5,4,-0.111862834025519,-0.946871344980489,0.0515884899364869
"item27",10,568,2.65316901408451,1.24344793986077,3,2.6030701754386,1.4826,1,5,4,0.154640650145117,-1.05701860999529,0.0521739165571792
"item28",11,568,3.47535211267606,1.07369947547192,4,3.52850877192982,1.4826,1,5,4,-0.482397803992751,-0.446384960352488,0.0450514292114486
"item29",12,568,2.64260563380282,1.29879128699109,3,2.55482456140351,1.4826,1,5,4,0.281591562649447,-1.0648448879745,0.0544960718180544
"item30",13,568,3.65492957746479,1.21887434494014,4,3.79385964912281,1.4826,1,5,4,-0.661742269332336,-0.427830762566229,0.0511428314189928
"item31",14,568,1.38380281690141,0.576327523473449,1,1.29605263157895,0,1,3,2,1.20518336282205,0.447633792856428,0.0241821656986108
"item32",15,568,1.7887323943662,1.26033497361663,1,1.53728070175439,0,1,5,4,1.39315924773446,0.57144420688015,0.0528824807534214
"item33",16,568,1.72007042253521,1.30288730861394,1,1.42324561403509,0,1,5,4,1.6109707796483,1.08927092046682,0.054667937067508
"item34",17,568,1.6443661971831,1.29315248001254,1,1.31798245614035,0,1,5,4,1.82299029195534,1.75754136103785,0.0542594727330828
"item35",18,568,1.48943661971831,1.09184617831662,1,1.18421052631579,0,1,5,4,2.24655117918974,3.80879893032633,0.0458128479485394
"item36",19,568,1.60387323943662,1.23147398731532,1,1.28947368421053,0,1,5,4,1.89310349594962,2.12232471025154,0.0516715006691154
"item37",20,568,1.40845070422535,0.953263619587907,1,1.14473684210526,0,1,5,4,2.41439894447893,4.87492040812729,0.0399980529550299
"item38",21,568,1.6830985915493,1.26891873486629,1,1.38377192982456,0,1,5,4,1.68376456090314,1.39163221593404,0.0532426473746604
"item39",22,568,1.19366197183099,0.713558762652143,1,1,0,1,5,4,3.88700913609713,14.4858004122063,0.0299402605833465
"item40",23,568,1.1637323943662,0.611144136660208,1,1,0,1,5,4,4.10702885174167,16.9882230073494,0.0256430383358785
"item41",24,568,1.6056338028169,1.18757676579572,1,1.31140350877193,0,1,5,4,1.8552000482983,2.08429568309467,0.0498296141701021
"item42",25,568,1.56514084507042,1.16805645771809,1,1.26754385964912,0,1,5,4,1.94756431586446,2.39238755201822,0.0490105602377541
"item43",26,568,1.19014084507042,0.724312955167601,1,1,0,1,5,4,4.06052891194904,15.9220692250599,0.0303914964774718
"item44",27,568,3.77992957746479,1.64348491803482,5,3.97149122807018,0,1,5,4,-0.87166628563272,-1.00046246235307,0.0689590952928293
"item45",28,568,1.67957746478873,1.25404678176266,1,1.38157894736842,0,1,5,4,1.71206811717959,1.52516041773077,0.0526186340843592
"item46",29,568,1.84154929577465,1.33844222057306,1,1.57456140350877,0,1,5,4,1.32541682494788,0.287577660490686,0.056159788033107
"item47",30,568,1.52464788732394,1.07369947547192,1,1.24342105263158,0,1,5,4,2.06119526840532,3.12842799484492,0.0450514292114486
"item48",31,568,3.14612676056338,1.19143880151935,3,3.18201754385965,1.4826,1,5,4,-0.189051964605633,-0.721573768091853,0.0499916615893192
"item49",32,568,2.34507042253521,1.57267574208446,1,2.18421052631579,0,1,5,4,0.613262717864208,-1.26113280741592,0.0659880082701346
"item50",33,568,1.80985915492958,1.21677341615654,1,1.56798245614035,0,1,5,4,1.39239506896327,0.737015775508152,0.0510546784054772
"item51",34,568,1.24471830985915,0.706463176913243,1,1.06359649122807,0,1,5,4,3.59973925891367,13.7905515859382,0.0296425364194325
"item52",35,568,1.41549295774648,0.923859382525543,1,1.16885964912281,0,1,5,4,2.43820208706441,5.35432823764325,0.0387642785751463
"item53",36,568,1.41901408450704,0.885185387857885,1,1.18640350877193,0,1,5,4,2.47675932747201,5.93271746579123,0.0371415538063481
"item54",37,568,2.63028169014085,1.55235450398697,2,2.53947368421053,1.4826,1,5,4,0.368130571261762,-1.40484730488795,0.0651353480606885
"item55",38,568,3.95950704225352,1.34129150295299,5,4.16228070175439,0,1,5,4,-0.95507369755091,-0.496233858096025,0.0562793412659947
"item56",39,568,2.49119718309859,1.3146548731424,2,2.36622807017544,1.4826,1,5,4,0.658333543869691,-0.736755647682117,0.05516169310675
"item57",40,568,3.52288732394366,1.64252486889961,4,3.65131578947368,1.4826,1,5,4,-0.510046204190102,-1.43400115381179,0.0689188125259632
"item58",41,568,1.96302816901408,1.2431282662422,2,1.73464912280702,1.4826,1,5,4,1.24655530609869,0.461153277268973,0.0521605033501067
"item59",42,568,1.46478873239437,1.0280851317764,1,1.18421052631579,0,1,5,4,2.25745255611235,4.00385626887308,0.0431374938664374
"item60",43,568,1.91725352112676,1.52874336902809,1,1.65131578947368,0,1,5,4,1.28922851185022,-0.0936328653393166,0.0641446468454026
"item61",44,568,5,0,5,5,0,5,5,0,NA,NA,0
"item62",45,568,1.32218309859155,0.920126221076258,1,1.05043859649123,0,1,5,4,2.99681538830468,7.96693516275438,0.0386076386003587
"item63",46,568,4.04049295774648,1.16841793123499,4,4.20394736842105,1.4826,1,5,4,-0.945961962583889,-0.341635954878369,0.0490257273295992
"item64",47,568,3.38556338028169,1.27003285638338,4,3.48026315789474,1.4826,1,5,4,-0.398274293728409,-0.890468234998425,0.0532893948750612
"item65",48,568,3.52640845070423,1.41770355657309,4,3.65570175438596,1.4826,1,5,4,-0.511313795777643,-1.09756898758894,0.0594855198133527
"item66",49,568,1.50176056338028,0.922000584799957,1,1.28508771929825,0,1,5,4,1.93560306160707,3.06005367682398,0.0386862851551385
"item67",50,568,2.5193661971831,1.29698264116495,2,2.40131578947368,1.4826,1,5,4,0.446514034038253,-0.906686697962957,0.0544201827250017
"item68",51,568,4.35387323943662,1.24712825599521,5,4.67982456140351,0,1,5,4,-1.89915063627322,2.22499590341962,0.0523283391918121
"item69",52,568,3.84154929577465,1.30913183708816,4,4.02850877192982,1.4826,1,5,4,-0.888136349593918,-0.445404547892805,0.0549299516618539
"item70",53,568,2.65669014084507,1.11432438343041,3,2.625,1.4826,1,5,4,0.260977382774828,-0.703888154983348,0.0467560124835126
"item71",54,568,2.87147887323944,1.49403160506819,3,2.83991228070175,1.4826,1,5,4,0.00115178927442358,-1.46129831466305,0.0626881735839655
"item72",55,568,2.31161971830986,1.36976890767085,2,2.14254385964912,1.4826,1,5,4,0.66123807805968,-0.846232409939461,0.0574742266245898
"item73",56,568,2.93838028169014,1.26326702640357,3,2.92324561403509,1.4826,1,5,4,0.00559043377419388,-1.05054468065326,0.0530055069554382
"item74",57,568,2.77288732394366,1.48341951166862,3,2.71710526315789,1.4826,1,5,4,0.201582887329969,-1.37957912189381,0.0622429000362943
"item75",58,568,4.00176056338028,1.27587728882884,4,4.24122807017544,1.4826,1,5,4,-1.22392424714597,0.378468605713845,0.0535346218129643
"item76",59,568,3.88908450704225,1.24155867499818,4,4.07017543859649,1.4826,1,5,4,-0.954325094194165,-0.166540412510208,0.0520946447645007
"item77",60,568,3.04049295774648,1.53619967997017,3,3.05043859649123,2.9652,1,5,4,-0.126063072748632,-1.45986938369155,0.0644575067026152
"item78",61,568,4.01584507042254,1.19290775595856,4,4.22587719298246,1.4826,1,5,4,-1.15054118474842,0.432510714618298,0.0500532975483982
"item79",62,568,3.53697183098592,1.42243524666367,4,3.66885964912281,1.4826,1,5,4,-0.605007547823829,-0.956667532878622,0.0596840571192153
"item80",63,568,2.28697183098592,1.4943890303937,1.5,2.11184210526316,0.7413,1,5,4,0.655985455642521,-1.10212963478105,0.0627031708174728
"item81",64,568,2.63732394366197,1.56645204676201,2,2.54824561403509,1.4826,1,5,4,0.29536836891585,-1.46731781588011,0.0657268678154185
"item82",65,568,2.95774647887324,1.52636206585208,3,2.94736842105263,2.9652,1,5,4,-0.0537206997679284,-1.46855236283159,0.0640447295837145
"item83",66,568,2.83978873239437,1.33228846271364,3,2.80043859649123,1.4826,1,5,4,0.017164584625417,-1.12666597893179,0.055901582089152
"item84",67,568,3.09859154929577,1.5016034188769,3,3.12280701754386,1.4826,1,5,4,-0.136591226625472,-1.3735183596165,0.0630058798338033
"item85",68,568,3.3169014084507,1.53096075152633,4,3.39473684210526,1.4826,1,5,4,-0.375592975862585,-1.34189700145182,0.0642376861482392
"item86",69,568,3.85211267605634,1.33305384953683,4,4.06140350877193,1.4826,1,5,4,-0.941744001249218,-0.313902281978891,0.0559336970068473
"item87",70,568,3.77640845070423,1.28112320733798,4,3.95614035087719,1.4826,1,5,4,-0.839326669727556,-0.374044258199662,0.0537547356639649
"item88",71,568,3.36267605633803,1.50442541334846,4,3.45175438596491,1.4826,1,5,4,-0.41537908869157,-1.25926330299282,0.063124288091491
"item89",72,568,2.7112676056338,1.48516941671263,3,2.64035087719298,1.4826,1,5,4,0.16928026406851,-1.40624849751878,0.0623163244208802
"item90",73,568,2.26056338028169,1.42628179284096,2,2.07894736842105,1.4826,1,5,4,0.723484314767394,-0.874193499808562,0.0598454546115055
"item91",74,568,3.25352112676056,1.31031248056752,3,3.31578947368421,1.4826,1,5,4,-0.159378362788542,-1.0728325179438,0.0549794903617877
"item92",75,568,1.74823943661972,1.3300211767397,1,1.45394736842105,0,1,5,4,1.52175126542925,0.782631540253492,0.055806448882989
"item93",76,568,3.49119718309859,1.6188680184705,4,3.61184210526316,1.4826,1,5,4,-0.539465030350686,-1.3356158142633,0.0679261931321574
"item94",77,568,1.99295774647887,1.36339900424356,1,1.75877192982456,0,1,5,4,1.06720907017301,-0.282758594832984,0.0572069514140733
"item95",78,568,2.58978873239437,1.76354459814419,2,2.4890350877193,1.4826,1,5,4,0.407122943290902,-1.64005449071813,0.0739966875643714
"item96",79,568,3.97183098591549,1.56772411446448,5,4.21052631578947,0,1,5,4,-1.11316543250024,-0.503719226316167,0.065780242590539
"item97",80,568,1.51056338028169,1.18182638954437,1,1.18421052631579,0,1,5,4,2.15384058994801,3.0995308487089,0.0495883337424357
"item98",81,568,2.22007042253521,1.64241144021444,1,2.02850877192982,0,1,5,4,0.807141466473671,-1.11104924961419,0.0689140531640587
"item99",82,568,1.57570422535211,1.12745496850822,1,1.29385964912281,0,1,5,4,1.87191364312608,2.2520080654741,0.0473069595945537
"item100",83,568,1.41549295774648,0.955761939664826,1,1.15131578947368,0,1,5,4,2.44332102907578,5.1120794361861,0.0401028801368104
"item101",84,568,2.37676056338028,1.55859863312617,2,2.22368421052632,1.4826,1,5,4,0.61137765875471,-1.19682216270869,0.0653973458993089
"item102",85,568,2.66549295774648,1.41822582235534,3,2.58333333333333,1.4826,1,5,4,0.213372864773821,-1.30026445462449,0.0595074335987795
"item103",86,568,3.11619718309859,1.55460911452658,3,3.14473684210526,2.9652,1,5,4,-0.137097046269787,-1.47758470387476,0.0652299494174415
"item104",87,568,4.17253521126761,1.13862099001339,5,4.40570175438596,0,1,5,4,-1.49249173403582,1.50808163480224,0.0477754754492279
"item105",88,568,3.39260563380282,1.42876035837411,4,3.4890350877193,1.4826,1,5,4,-0.509850745774869,-1.03818209192584,0.0599494529110427
"item106",89,568,3.76232394366197,1.4308972360608,4,3.94956140350877,1.4826,1,5,4,-0.862705774030424,-0.657884890745099,0.0600391143070239
"item107",90,568,3.85739436619718,1.35136546247136,4,4.06798245614035,1.4826,1,5,4,-0.96050074869048,-0.353889390723644,0.0567020352175976
"item108",91,568,2.75176056338028,1.55668793219141,3,2.69078947368421,2.9652,1,5,4,0.1805842676925,-1.50004369069524,0.0653171746690226
"item109",92,568,3.24647887323944,1.38108471398651,3.5,3.30701754385965,2.2239,1,5,4,-0.358358845746419,-1.10675614603993,0.0579490273102996
"item110",93,568,2.16901408450704,1.48108273939373,1,1.96491228070175,0,1,5,4,0.846768486581165,-0.808419847556778,0.0621448512497104
"item111",94,568,3.33450704225352,1.59719974420171,4,3.41666666666667,1.4826,1,5,4,-0.372805664222349,-1.44655531328749,0.0670170125405158
"item112",95,568,2.72183098591549,1.72748774974773,2,2.65350877192982,1.4826,1,5,4,0.260318930129233,-1.67720006848268,0.0724837758137096
"item113",96,568,2.18485915492958,1.32643040405895,2,2.01535087719298,1.4826,1,5,4,0.731891261053109,-0.755516719424144,0.0556557834082107
"item114",97,568,2.60387323943662,1.43763442213201,3,2.50657894736842,1.4826,1,5,4,0.346588378402195,-1.20856609886728,0.0603218003549407
"item115",98,568,1.96654929577465,1.42066161687589,1,1.71271929824561,0,1,5,4,1.10514332613075,-0.329780159380209,0.0596096372664938
"item116",99,568,1.4330985915493,0.841450149193795,1,1.22587719298246,0,1,5,4,2.3293103341506,5.52205938768777,0.03530646395697
"item117",100,568,1.94366197183099,1.27393984218811,1,1.71052631578947,0,1,5,4,1.19354176912658,0.230074703470005,0.0534533283577845
"item118",101,556,3.98741007194245,1.05087854322899,4,4.14349775784753,1.4826,1,5,4,-1.04431241846362,0.454549448433916,0.0445671773402524
"item119",102,451,3.7960088691796,0.994689025625065,4,3.91135734072022,1.4826,1,5,4,-0.841948963986492,0.44993461909069,0.0468380769187135
"item120",103,511,3.77299412915851,1.04004837649778,4,3.87775061124694,1.4826,1,5,4,-0.696359558238442,-0.0989453808910401,0.0460090313914622
"item121",104,567,4.34391534391534,0.913132019312365,5,4.51868131868132,0,1,5,4,-1.43845336124846,1.52158640748058,0.0383479402741388
"item122",105,497,3.08450704225352,1.26718088193877,3,3.10526315789474,1.4826,1,5,4,-0.122831253195758,-1.02116108895648,0.0568408308826924
"item123",106,433,3.56812933025404,1.122414915481,4,3.64553314121037,1.4826,1,5,4,-0.556934031281984,-0.520733796858563,0.0539398185410007
"item124",107,541,3.25323475046211,1.28546492467432,4,3.31639722863741,1.4826,1,5,4,-0.30080827480161,-1.05334430125295,0.0552664537534009
"item125",108,429,3.08857808857809,1.28673501239983,3,3.11014492753623,1.4826,1,5,4,-0.171350400249938,-1.0186508107337,0.0621241518097293
"item126",109,521,3.80998080614203,1.06535304712358,4,3.92326139088729,1.4826,1,5,4,-0.769855451078296,-0.13347401888734,0.0466739644123412
"item127",110,566,3.69257950530035,1.14018228159389,4,3.79955947136564,1.4826,1,5,4,-0.681974223689148,-0.391821066281059,0.0479254359617236
"item128",111,198,2.34343434343434,1.222974788469,2,2.23125,1.4826,1,5,4,0.553336928250701,-0.725541466439549,0.086913033662147
"item129",112,132,2.87878787878788,1.22337477814073,3,2.84905660377358,1.4826,1,5,4,0.105632038353728,-0.926542048150325,0.10648110686703
"item130",113,45,3.22222222222222,1.2226812728383,3,3.27027027027027,1.4826,1,5,4,-0.41756088733197,-0.783319806292779,0.182266562725494
"item131",114,445,3.54831460674157,1.17232658868142,4,3.65546218487395,1.4826,1,5,4,-0.525987565054937,-0.432406617164501,0.0555736100682791
"item132",115,162,2.78395061728395,1.2447112254709,3,2.73846153846154,1.4826,1,5,4,0.0650006465052724,-0.993251538867441,0.0977937497943883
"item133",116,195,2.83589743589744,1.3017607385208,3,2.79617834394904,1.4826,1,5,4,0.0388398382609784,-1.08611106757153,0.0932210227295301
"item134",117,140,3.07857142857143,1.17570035544628,3,3.09821428571429,1.4826,1,5,4,-0.203750048592956,-0.815104771559664,0.0993648157691251
"item135",118,567,3.3015873015873,1.18845192192274,4,3.37582417582418,1.4826,1,5,4,-0.413807457551466,-0.72159611796795,0.0499102893740369
"item136",119,278,2.04676258992806,1.24939275695136,2,1.85714285714286,1.4826,1,5,4,0.996559118123935,-0.14455305085974,0.0749335979701845
"item137",120,226,2.51327433628319,1.22285672276237,2,2.45054945054945,1.4826,1,5,4,0.259758262294038,-1.02903556829804,0.0813432192104975
"item138",121,125,3.104,1.09119644309325,3,3.15841584158416,1.4826,1,5,4,-0.389174929755006,-0.507682921225219,0.0975995769424993
"item139",122,141,2.58156028368794,1.20211734849565,3,2.52212389380531,1.4826,1,5,4,0.27474734985157,-0.912095023356203,0.1012365434383
"item140",123,363,2.87603305785124,1.21616811456396,3,2.85567010309278,1.4826,1,5,4,-0.0110033393720078,-0.980153189515165,0.0638322716657584
"item141",124,526,3.01140684410646,1.22973598322905,3,3.01421800947867,1.4826,1,5,4,-0.0155078310298217,-0.853479041905834,0.053619036905963
"item142",125,426,2.98826291079812,1.13649752418559,3,2.98538011695906,1.4826,1,5,4,-0.0826278918935119,-0.627506597530024,0.055063484967023
"item143",126,449,3.45211581291759,1.14488428335431,4,3.54016620498615,1.4826,1,5,4,-0.514944914644434,-0.397636033866468,0.0540304298958043
"item144",127,289,3.03806228373702,1.20268985980802,3,3.04721030042918,1.4826,1,5,4,-0.251779390439629,-0.796039229218979,0.0707464623416485
"item145",128,568,5,0,5,5,0,5,5,0,NA,NA,0
"item146",129,123,2.26829268292683,1.33719286794896,2,2.12121212121212,1.4826,1,5,4,0.629196641358973,-0.941406864862388,0.120570620472343
"item147",130,177,3.86440677966102,1.1300285663924,4,4.01398601398601,1.4826,1,5,4,-0.885379777438135,0.0645419305112855,0.084938148345858
"item148",131,79,3.78481012658228,1.21603481389888,4,3.93846153846154,1.4826,1,5,4,-0.857057009951286,-0.186727034574046,0.136814605622246
"item149",132,478,4.09623430962343,0.990069372405126,4,4.25520833333333,1.4826,1,5,4,-1.22745255377753,1.26996373264915,0.0452847190408433
"item150",133,509,4.13752455795678,0.883324608544941,4,4.26650366748166,1.4826,1,5,4,-1.21105564958507,1.66804217769715,0.0391526749146046
"item151",134,495,4.0040404040404,0.991861537768805,4,4.1360201511335,1.4826,1,5,4,-1.00181852176885,0.735842167227631,0.0445808608230872
"item152",135,409,2.8361858190709,1.35583746086638,3,2.79635258358663,1.4826,1,5,4,-0.0143300704135396,-1.31973460560141,0.0670418476815708
"item153",136,514,3.99027237354086,1.04569232582434,4,4.12864077669903,1.4826,1,5,4,-0.879031006460305,0.183600982846224,0.0461235112334036
"item154",137,521,4.0767754318618,1.01992550889903,4,4.24940047961631,1.4826,1,5,4,-1.28232031376376,1.38206744732966,0.0446837478281226
"item155",138,476,3.3109243697479,1.20348895718137,4,3.38219895287958,1.4826,1,5,4,-0.417054664208124,-0.832024190943723,0.0551618259119105
"item156",139,399,3.51127819548872,1.1405050984977,4,3.58878504672897,1.4826,1,5,4,-0.468628711025178,-0.543948583918882,0.0570966704255364
"item157",140,338,3.9792899408284,1.03191652755403,4,4.125,1.4826,1,5,4,-0.911940326886055,0.209346568325749,0.0561288595578407
"item158",141,476,3.99159663865546,0.931288170173157,4,4.10471204188482,1.4826,1,5,4,-0.982175027266329,0.929992380108755,0.0426855232948943
"item159",142,403,3.80397022332506,1.16062434694997,4,3.94427244582043,1.4826,1,5,4,-0.757876758515807,-0.263450613229301,0.0578148167777066
"item160",143,512,3.771484375,1.01096113214816,4,3.87560975609756,1.4826,1,5,4,-0.644310470166794,0.0522560073905654,0.0446785920036245
"item161",144,39,3.30769230769231,1.23871423478766,3,3.36363636363636,1.4826,1,5,4,-0.255757165858427,-0.866943979763707,0.19835302350863
"item162",145,412,3.75242718446602,1.14915347327817,4,3.89090909090909,1.4826,1,5,4,-0.784749841007539,-0.109169110810582,0.0566147281162585
"item163",146,530,4.18679245283019,0.883055730835522,4,4.32075471698113,1.4826,1,5,4,-1.24292915275403,1.68828727982317,0.0383574898287807
"item164",147,482,4.03734439834025,0.972947811834096,4,4.17098445595855,1.4826,1,5,4,-1.04754278204317,0.874902299181417,0.044316558461188
"item165",148,283,3.78091872791519,1.06260912853132,4,3.8942731277533,1.4826,1,5,4,-0.776747491394094,-0.0163864154553255,0.0631655562098576
"item166",149,346,4.02312138728324,0.89736333407286,4,4.11870503597122,1.4826,1,5,4,-0.885015074098528,0.733133705678105,0.0482425517129391
"item167",150,404,4.05693069306931,0.912676909747702,4,4.15432098765432,1.4826,1,5,4,-0.91297229161944,0.76117937130069,0.0454073733922445
"item168",151,434,4.30184331797235,0.880188051166989,5,4.45402298850575,0,1,5,4,-1.41478358728107,2.0118857728857,0.04225037848976
"item169",152,431,4.04872389791183,0.947428340720107,4,4.16231884057971,1.4826,1,5,4,-0.866132985326461,0.315532261893291,0.0456360173628425
"item170",153,445,4.21573033707865,0.868997931295355,4,4.34173669467787,1.4826,1,5,4,-1.08712327454052,0.906567220857392,0.0411944526808589
"item171",154,509,4.49312377210216,0.741388797341542,5,4.63569682151589,0,1,5,4,-1.68310954807909,3.51662303451469,0.0328614806910661
"item172",155,517,4.4816247582205,0.703087646574513,5,4.6,0,1,5,4,-1.45424653846028,2.63249581039672,0.0309217593404277
"item173",156,454,3.86563876651982,1.06810467854123,4,4,1.4826,1,5,4,-0.816283044716178,0.0634349768824665,0.050128636384112
"item174",157,376,3.82712765957447,1.02471237964265,4,3.94701986754967,1.4826,1,5,4,-0.763390889489402,0.156287344597123,0.0528455059833919
"item175",158,304,4.15789473684211,0.982387898074095,4,4.3155737704918,1.4826,1,5,4,-1.17171984042623,0.903899152846434,0.0563438101455568
"item176",159,502,4.41235059760956,0.879624564141974,5,4.59452736318408,0,1,5,4,-1.81387785455498,3.48579821993178,0.0392595656332196
"item177",160,162,3.45061728395062,1.18506476556406,4,3.54615384615385,1.4826,1,5,4,-0.472838226603119,-0.550512512826883,0.0931074813195102
"item178",161,437,3.83981693363844,1.03248518366281,4,3.96011396011396,1.4826,1,5,4,-0.775179257097578,0.0874437520973026,0.0493904643999816
"item179",162,242,3.96694214876033,1.02203023314833,4,4.11855670103093,1.4826,1,5,4,-0.979395546841888,0.502839875361461,0.0656985916760773
"item180",163,286,3.5,1.15697730800049,4,3.57391304347826,1.4826,1,5,4,-0.399606652707236,-0.656675646668673,0.0684135024098771
"item181",164,468,4.18589743589744,0.991210756912312,4,4.34308510638298,1.4826,1,5,4,-1.19334996165063,0.912979641008871,0.0458187334466515
"item182",165,105,3.57142857142857,1.1917758473512,4,3.68235294117647,1.4826,1,5,4,-0.589733633183435,-0.502669125520154,0.116305413636834
"item183",166,229,3.27510917030568,1.19514390653503,3,3.31351351351351,1.4826,1,5,4,-0.154890710130754,-0.927222736988232,0.0789773323658908
"item184",167,145,3.68275862068965,1.10367723917632,4,3.76068376068376,1.4826,1,5,4,-0.402342753791594,-0.736043801500571,0.0916554059310484
"item185",168,117,3.61538461538462,1.16594015524955,4,3.69473684210526,1.4826,1,5,4,-0.487425565321382,-0.773474948421876,0.107791205483966
"item186",169,294,3.98979591836735,1.00335510160413,4,4.13983050847458,1.4826,1,5,4,-0.989900881122595,0.526639624373597,0.0585168578511542
"item187",170,390,4.16410256410256,0.871569567679174,4,4.28846153846154,1.4826,1,5,4,-1.11227552989227,1.2235294787458,0.0441336406170396
"item188",171,425,4.16,0.94059395125212,4,4.29618768328446,1.4826,1,5,4,-1.18698520077155,1.28300251929228,0.0456255083744654
"item189",172,531,4.10734463276836,0.886887025555396,4,4.22352941176471,1.4826,1,5,4,-0.9554091534728,0.634637684035729,0.0384876186733597
"item190",173,464,4.39439655172414,0.792548219618245,5,4.54032258064516,0,1,5,4,-1.44406941489881,2.27978994259125,0.0367931274159076
"item191",174,489,4.51533742331288,0.738483949520289,5,4.66666666666667,0,1,5,4,-1.63691298440055,2.78922684000945,0.033395398569285
"item192",175,506,4.46640316205534,0.813169880750805,5,4.63546798029557,0,1,5,4,-1.8765679020398,3.94587628693924,0.0361498105703104
"item193",176,371,4.1832884097035,0.896745449042712,4,4.31649831649832,1.4826,1,5,4,-1.12840847293679,1.06374752206948,0.0465567039818884
"item194",177,467,4.08351177730193,0.92849853493015,4,4.21066666666667,1.4826,1,5,4,-1.00027962347618,0.69090159918297,0.0429657881272407
"item195",178,261,4.04980842911877,0.91220883747059,4,4.15311004784689,1.4826,1,5,4,-0.915419274139237,0.70680355964577,0.0564643095207322
"item196",179,434,3.75115207373272,1.10960994745031,4,3.85344827586207,1.4826,1,5,4,-0.632981388304118,-0.466746318798043,0.0532629819203078
"item197",180,321,3.93457943925234,1.0302095785329,4,4.06225680933852,1.4826,1,5,4,-0.69022407931804,-0.331510230740966,0.0575006914681689
"item198",181,307,4.04234527687296,0.904689148579602,4,4.1417004048583,1.4826,1,5,4,-0.874713571024171,0.58848487679589,0.0516333369433088
"item199",182,380,3.80526315789474,1.08915192211969,4,3.92434210526316,1.4826,1,5,4,-0.734349949923906,-0.201754921873942,0.055872314711337
"item200",183,212,3.79245283018868,1.07286197512526,4,3.90588235294118,1.4826,1,5,4,-0.683292313592177,-0.207543684948976,0.0736844629711551
"item201",184,159,3.87421383647799,1.03570521663102,4,3.98449612403101,1.4826,1,5,4,-0.700421809484371,-0.258228786290249,0.0821367664385784
"item202",185,260,4.2,0.965825311750801,4,4.36538461538461,1.4826,1,5,4,-1.32784427810403,1.50157361940941,0.0598979431012751
"item203",186,556,2.36870503597122,1.36851038081156,2,2.22645739910314,1.4826,1,5,4,0.555375977687555,-1.05465107782401,0.0580377677578244
"item204",187,451,2.27937915742794,1.22274575004516,2,2.15512465373961,1.4826,1,5,4,0.664978852225654,-0.649662136127213,0.0575768486604708
"item205",188,511,2.43052837573386,1.23135805574501,2,2.3520782396088,1.4826,1,5,4,0.392492770689955,-1.01360183827959,0.0544720733391994
"item206",189,567,2.20634920634921,1.41099740607827,2,2.01098901098901,1.4826,1,5,4,0.818959400896525,-0.772841922295307,0.0592563212228624
"item207",190,497,3.05633802816901,1.31402372015101,3,3.07017543859649,1.4826,1,5,4,-0.151500567597762,-1.16688404283191,0.0589420193419228
"item208",191,433,2.635103926097,1.29845565349063,2,2.56195965417867,1.4826,1,5,4,0.291534470970437,-1.16724008747252,0.0623997965162522
"item209",192,541,3.09981515711645,1.29286502225477,3,3.12471131639723,1.4826,1,5,4,-0.180325011378106,-1.14875946318227,0.0555846087982027
"item210",193,428,3.11682242990654,1.28234167983876,3,3.1453488372093,1.4826,1,5,4,-0.204723280316848,-1.01547098314874,0.0619843246662121
"item211",194,522,2.68007662835249,1.31401189088803,2,2.60047846889952,1.4826,1,5,4,0.257933811885052,-1.16861639840663,0.0575127380425887
"item212",195,568,2.68661971830986,1.29455399077248,3,2.62061403508772,1.4826,1,5,4,0.205164615949143,-1.15607236926251,0.0543182788182426
"item213",196,198,3.34848484848485,1.28828092566182,4,3.43125,1.4826,1,5,4,-0.352418803715175,-1.00910687276602,0.0915541387394567
"item214",197,132,2.75,1.23791871627002,3,2.73584905660377,1.4826,1,5,4,-0.073379885389992,-1.11982595492102,0.107746994195985
"item215",198,45,2.44444444444444,1.1590661514488,2,2.40540540540541,1.4826,1,5,4,0.217416728962037,-1.16413548491111,0.17278338033724
"item216",199,446,2.2914798206278,1.27209251952976,2,2.1536312849162,1.4826,1,5,4,0.587368927851319,-0.771270206716027,0.0602353265953861
"item217",200,162,2.91358024691358,1.23305942655699,3,2.89230769230769,1.4826,1,5,4,-0.0343457437668815,-0.972183381350602,0.0968782980138271
"item218",201,195,3.04615384615385,1.32109103494086,3,3.05732484076433,1.4826,1,5,4,-0.110986135078963,-1.12805158346517,0.0946052940081297
"item219",202,140,2.8,1.27623547138342,3,2.75,1.4826,1,5,4,0.168236777121955,-1.05979419770505,0.107861583867515
"item220",203,568,2.45950704225352,1.26202761045259,2,2.37280701754386,1.4826,1,5,4,0.361731378311152,-1.03000008283777,0.0529535022173765
"item221",204,278,3.66546762589928,1.2573085821664,4,3.80803571428571,1.4826,1,5,4,-0.722341180444035,-0.550965748051788,0.075408357617194
"item222",205,226,3.1858407079646,1.2826962752395,3,3.23076923076923,1.4826,1,5,4,-0.309969308672758,-0.896476301388911,0.0853236870314616
"item223",206,125,2.792,1.13802318701929,3,2.77227722772277,1.4826,1,5,4,0.115801579298687,-0.778163523178329,0.101787888245844
"item224",207,141,2.97163120567376,1.23602625036472,3,2.9646017699115,1.4826,1,5,4,0.00828643660389907,-0.966531819218179,0.10409218812333
"item225",208,364,3.04395604395604,1.21887893135545,3,3.05479452054795,1.4826,1,5,4,-0.129177259758722,-0.957838117196515,0.0638866150769869
"item226",209,526,2.71673003802281,1.24272571058284,3,2.66350710900474,1.4826,1,5,4,0.106958340232395,-0.967711429621509,0.0541854159335592
"item227",210,426,2.67840375586854,1.16310063754957,3,2.63157894736842,1.4826,1,5,4,0.151973482104663,-0.700517407131101,0.0563524100210772
"item228",211,449,2.271714922049,1.118882952505,2,2.17174515235457,1.4826,1,5,4,0.511694093436457,-0.570912092713638,0.0528033512258662
"item229",212,289,2.56747404844291,1.18868253409348,3,2.50214592274678,1.4826,1,5,4,0.309878863517467,-0.812155297002517,0.0699225020054989
"item230",213,123,3.59349593495935,1.36007110695248,4,3.73737373737374,1.4826,1,5,4,-0.719097844179802,-0.735513668242912,0.122633481812757
"item231",214,177,2.07344632768362,1.21553672614787,2,1.91608391608392,1.4826,1,5,4,0.841899320472841,-0.438062772779403,0.0913653352100608
"item232",215,79,1.9746835443038,1.19801848733974,2,1.8,1.4826,1,5,4,1.06380373976778,0.0614343688103127,0.134787610519163
"item233",216,477,2.16352201257862,1.26793460304649,2,2.02088772845953,1.4826,1,5,4,0.747193763583448,-0.742051460681024,0.0580547373748411
"item234",217,509,2.12180746561886,1.22349693834236,2,1.96577017114914,1.4826,1,5,4,0.848706068453909,-0.409499798699898,0.0542305483426316
"item235",218,495,2.24242424242424,1.29222925958599,2,2.09823677581864,1.4826,1,5,4,0.684386840097119,-0.785538000916139,0.0580813859389232
"item236",219,408,3.36764705882353,1.31598837696083,4,3.45731707317073,1.4826,1,5,4,-0.406176270107099,-1.05477098000998,0.0651511329016813
"item237",220,515,2.0621359223301,1.23345994848807,2,1.88377723970944,1.4826,1,5,4,0.881677821047727,-0.330651469138839,0.0543527394031755
"item238",221,520,2.11153846153846,1.3003117821104,2,1.91826923076923,1.4826,1,5,4,0.937355538651984,-0.365595511643977,0.057022443804967
"item239",222,478,2.83054393305439,1.34840075985478,3,2.7890625,1.4826,1,5,4,0.124773797447506,-1.3050602757933,0.0616744152141063
"item240",223,400,2.395,1.20315999973503,2,2.303125,1.4826,1,5,4,0.431914386956855,-0.826176578167788,0.0601579999867517
"item241",224,338,2.07100591715976,1.26619580007169,2,1.87867647058824,1.4826,1,5,4,0.995097299420572,-0.173437672082207,0.068871972041586
"item242",225,477,2.39203354297694,1.22447873274293,2,2.30548302872063,1.4826,1,5,4,0.476045312629828,-0.937297402739692,0.0560650297575816
"item243",226,403,2.33995037220844,1.27199729243376,2,2.22910216718266,1.4826,1,5,4,0.511007161526987,-0.963693502458581,0.0633626983589093
"item244",227,515,2.24271844660194,1.16085654859248,2,2.13801452784504,1.4826,1,5,4,0.555173302169908,-0.735191923718354,0.0511534513523985
"item245",228,39,2.33333333333333,1.22115849510841,2,2.27272727272727,1.4826,1,5,4,0.294126820143794,-1.26017922100967,0.195541855325108
"item246",229,412,2.27427184466019,1.19814057231619,2,2.15757575757576,1.4826,1,5,4,0.571569754552423,-0.691496352267942,0.0590281492629832
"item247",230,530,2.0622641509434,1.23201257191287,2,1.88443396226415,1.4826,1,5,4,0.917041638528159,-0.290915585288709,0.0535152063974089
"item248",231,568,2,0,2,2,0,2,2,0,NA,NA,0
"item249",232,481,2.18503118503118,1.14975742417352,2,2.07532467532468,1.4826,1,5,4,0.6206289470567,-0.725004619698445,0.0524244260419286
"item250",233,284,2.36267605633803,1.22350993416508,2,2.26754385964912,1.4826,1,5,4,0.439312819935006,-0.916119301804085,0.0726019574242545
"item251",234,346,2.21676300578035,1.13027221880327,2,2.10431654676259,1.4826,1,5,4,0.638238135500259,-0.500370666847769,0.0607638109279915
"item252",235,404,2.10148514851485,1.18388592279442,2,1.95061728395062,1.4826,1,5,4,0.84224251665995,-0.347830032801546,0.058900526107326
"item253",236,434,1.98847926267281,1.21474999215842,2,1.79885057471264,1.4826,1,5,4,1.03231084348432,-0.0630008172698311,0.0583098655691579
"item254",237,431,2.19721577726218,1.21830673471155,2,2.0695652173913,1.4826,1,5,4,0.675005098884952,-0.718425968353445,0.0586837704858034
"item255",238,445,2.2,1.28680062785804,2,2.03641456582633,1.4826,1,5,4,0.78921176211226,-0.579609502065757,0.061000199960178
"item256",239,509,1.96070726915521,1.26523327762794,1,1.74572127139364,0,1,5,4,1.15613080619565,0.0986619827945163,0.0560804790570782
"item257",240,517,1.95357833655706,1.29764685661817,1,1.71807228915663,0,1,5,4,1.21188514648983,0.182240838121516,0.0570704434997595
"item258",241,454,2.29955947136564,1.24774402329543,2,2.16758241758242,1.4826,1,5,4,0.625895829730035,-0.68706044740348,0.0585595285750933
"item259",242,376,2.46542553191489,1.23023090723099,2,2.38741721854305,1.4826,1,5,4,0.375148223041615,-0.97418889552083,0.0634443147761136
"item260",243,305,2.18360655737705,1.25880848108921,2,2.01224489795918,1.4826,1,5,4,0.816542199094794,-0.391919378877763,0.0720791639491852
"item261",244,502,2,1.3162579269048,1,1.77860696517413,0,1,5,4,1.08491291645387,-0.15431345187747,0.0587474663374953
"item262",245,162,2.46913580246914,1.16455327988529,2,2.40769230769231,1.4826,1,5,4,0.273483360670825,-0.883865701725936,0.0914959468066583
"item263",246,436,2.38761467889908,1.22003685573316,2,2.29428571428571,1.4826,1,5,4,0.473205129795551,-0.869008263855749,0.0584291684679893
"item264",247,242,2.31404958677686,1.28206950084612,2,2.19072164948454,1.4826,1,5,4,0.590789790922569,-0.89431312542985,0.0824145489091587
"item265",248,287,2.51567944250871,1.25670153577946,2,2.43290043290043,1.4826,1,5,4,0.333346200705008,-0.994830351606199,0.0741807461620023
"item266",249,469,2.09808102345416,1.27390666455685,2,1.89920424403183,1.4826,1,5,4,0.979887062230682,-0.153908511252371,0.0588235442688232
"item267",250,105,2.62857142857143,1.33198191585915,3,2.54117647058824,1.4826,1,5,4,0.257853959067619,-1.12613599388624,0.129988124885308
"item268",251,228,2.75,1.22519440154855,3,2.71195652173913,1.4826,1,5,4,0.124307178779294,-1.03319497257666,0.0811404814272997
"item269",252,145,2.52413793103448,1.24210148214791,2,2.45299145299145,1.4826,1,5,4,0.279935027846123,-1.02464537211015,0.103150913612014
"item270",253,117,2.47863247863248,1.30382917882548,2,2.37894736842105,1.4826,1,5,4,0.416527761171853,-1.07166741839899,0.120539050223112
"item271",254,295,2.26440677966102,1.28488898271915,2,2.12658227848101,1.4826,1,5,4,0.622485809121471,-0.824800145457172,0.0748091288255485
"item272",255,390,2.08205128205128,1.26995572962368,2,1.89102564102564,1.4826,1,5,4,0.950635229448545,-0.271929975319969,0.064306708092168
"item273",256,425,2.18352941176471,1.25488169956821,2,2.02639296187683,1.4826,1,5,4,0.787950398711844,-0.517059465416861,0.0608707034702865
"item274",257,531,2.20338983050847,1.2053605882662,2,2.07058823529412,1.4826,1,5,4,0.722300078888325,-0.564866966142188,0.0523081941085273
"item275",258,464,2.06034482758621,1.3163782574512,2,1.85752688172043,1.4826,1,5,4,0.98887707450158,-0.343101379765706,0.0611113264215796
"item276",259,490,1.93061224489796,1.27235898035927,1,1.70663265306122,0,1,5,4,1.16411502052037,0.0783451313810617,0.0574793197043534
"item277",260,507,1.89349112426035,1.26072358349182,1,1.66830466830467,0,1,5,4,1.21030053999822,0.181594008400372,0.0559907000232854
"item278",261,371,2.12129380053908,1.24936933168758,2,1.94276094276094,1.4826,1,5,4,0.923523274533868,-0.261138346302278,0.0648640237890494
"item279",262,468,2.30555555555556,1.25650815866656,2,2.1781914893617,1.4826,1,5,4,0.633106936909008,-0.7425179860312,0.0580821101809117
"item280",263,261,2.44061302681992,1.31021064353982,2,2.31578947368421,1.4826,1,5,4,0.481569612262078,-0.944431017334825,0.0811000028451
"item281",264,434,2.68202764976959,1.33708847086137,3,2.60632183908046,1.4826,1,5,4,0.198946799685948,-1.24789642844774,0.0641823004678232
"item282",265,321,2.42367601246106,1.28498548423865,2,2.29571984435798,1.4826,1,5,4,0.552065222214544,-0.813737603425253,0.0717208958351021
"item283",266,307,2.24104234527687,1.25786787450204,2,2.08502024291498,1.4826,1,5,4,0.798014271796743,-0.462711299164587,0.0717903115078791
"item284",267,380,2.65263157894737,1.36691722994189,3,2.56578947368421,1.4826,1,5,4,0.201839485692112,-1.28742825948903,0.0701213743506292
"item285",268,211,2.53080568720379,1.28461549376638,3,2.44970414201183,1.4826,1,5,4,0.274068560377281,-1.10114126589697,0.0884365777197975
"item286",269,159,2.38993710691824,1.28236307624267,2,2.28682170542636,1.4826,1,5,4,0.449236763696756,-1.01768104157067,0.101698007108065
"item287",270,260,2.05769230769231,1.2522329328393,2,1.86538461538462,1.4826,1,5,4,0.984562960723856,-0.173704724675273,0.0776601897342944
"item288",271,556,4.04676258992806,1.02648194137419,4,4.2152466367713,1.4826,1,5,4,-1.12096570097489,0.726713745262972,0.0435325309594998
"item289",272,450,3.91333333333333,0.998462069054582,4,4.05833333333333,1.4826,1,5,4,-1.05893568130952,0.922673155051183,0.0470679533190697
"item290",273,511,3.90606653620352,1.00926219774623,4,4.0440097799511,1.4826,1,5,4,-0.908348774009535,0.449972781801252,0.0446471310254688
"item291",274,567,4.39506172839506,0.829562203964523,5,4.55164835164835,0,1,5,4,-1.45385019405213,1.88265928140244,0.0348383379166471
"item292",275,497,3.06841046277666,1.18600206395131,3,3.08521303258145,1.4826,1,5,4,-0.059514018238338,-0.951952882293541,0.053199463237197
"item293",276,432,3.72685185185185,1.09180507693867,4,3.83815028901734,1.4826,1,5,4,-0.758028399253268,-0.100365631151822,0.0525294962560949
"item294",277,541,3.12384473197782,1.25661391206502,3,3.15473441108545,1.4826,1,5,4,-0.105109926128294,-1.12428371440935,0.0540260518384947
"item295",278,427,2.99063231850117,1.26339074399202,3,2.98833819241983,1.4826,1,5,4,-0.0591012811085518,-0.976112246218101,0.0611397633331416
"item296",279,521,3.96353166986564,1.03617928145761,4,4.11750599520384,1.4826,1,5,4,-1.00392393185138,0.499333932863819,0.0453958385327149
"item297",280,568,3.49647887323944,1.17438336684484,4,3.57675438596491,1.4826,1,5,4,-0.474184073064583,-0.670049677686817,0.0492760314474948
"item298",281,198,2.67676767676768,1.30852947904454,3,2.6,1.4826,1,5,4,0.202374180083192,-1.1456161826473,0.0929931407682435
"item299",282,131,2.87786259541985,1.20270784714748,3,2.84761904761905,1.4826,1,5,4,0.0488844634231201,-0.903761717021584,0.105081072503082
"item300",283,45,3.33333333333333,1.1481209945741,4,3.37837837837838,1.4826,1,5,4,-0.391555422644199,-0.859972695644514,0.171151772684157
"item301",284,445,3.17977528089888,1.2151613335293,3,3.22408963585434,1.4826,1,5,4,-0.210622814185335,-0.708554029823393,0.0576041717142689
"item302",285,161,2.77639751552795,1.23983444096129,3,2.74418604651163,1.4826,1,5,4,0.0155950236603593,-1.03358022858292,0.0977126424935229
"item303",286,195,2.93846153846154,1.21685232452367,3,2.92993630573248,1.4826,1,5,4,-0.0880064527016637,-1.01225552885795,0.0871406049100857
"item304",287,140,3.16428571428571,1.1098688384865,3,3.1875,1.4826,1,5,4,-0.198580852671591,-0.607922585282832,0.0938010371037462
"item305",288,568,3.34330985915493,1.19674350718262,3.5,3.42763157894737,0.7413,1,5,4,-0.429714438388423,-0.655652531732827,0.0502142420945127
"item306",289,279,2.29032258064516,1.34041209030149,2,2.14666666666667,1.4826,1,5,4,0.623789752541219,-0.950736039626526,0.0802483727729799
"item307",290,226,2.54867256637168,1.24358728732631,2,2.46703296703297,1.4826,1,5,4,0.331107220411486,-0.929485805423044,0.0827221958528902
"item308",291,568,3,0,3,3,0,3,3,0,NA,NA,0
"item309",292,125,3.248,1.08252989230872,3,3.26732673267327,1.4826,1,5,4,-0.233449026834643,-0.602087413250415,0.0968244170751132
"item310",293,141,2.57446808510638,1.28859858846285,2,2.48672566371681,1.4826,1,5,4,0.323610016769465,-1.05798666079844,0.108519577675759
"item311",294,364,2.87087912087912,1.2951821283814,3,2.83904109589041,1.4826,1,5,4,0.0198025446881224,-1.1742805462326,0.0678859892987719
"item312",295,526,2.52091254752852,1.18664790941076,3,2.44312796208531,1.4826,1,5,4,0.312160208749214,-0.729583310730505,0.0517403076081481
"item313",296,425,2.74823529411765,1.16155106986405,3,2.73313782991202,1.4826,1,5,4,-0.0242375558647274,-0.823974439469454,0.05634350294822
"item314",297,449,3.37639198218263,1.14309822862811,3,3.45706371191136,1.4826,1,5,4,-0.47409175500554,-0.42103499959987,0.0539461407618915
"item315",298,289,2.93079584775086,1.13133389338251,3,2.94420600858369,1.4826,1,5,4,-0.13710464075592,-0.728268770869593,0.0665490525519125
"item316",299,123,2.4390243902439,1.31290156363441,2,2.34343434343434,1.4826,1,5,4,0.390222605245507,-1.16259810921797,0.118380347323654
"item317",300,177,3.40112994350282,1.27145177850527,3,3.4965034965035,1.4826,1,5,4,-0.33207702595324,-0.925526345179741,0.0955681679110615
"item318",301,79,3.44303797468354,1.30822678425885,4,3.53846153846154,1.4826,1,5,4,-0.470933256518324,-0.9068147509486,0.147187012663699
"item319",302,478,4.02092050209205,0.986056664846082,4,4.18229166666667,1.4826,1,5,4,-1.22001663698511,1.31423073557718,0.0451011820691229
"item320",303,509,4.237721021611,0.960064544648883,4,4.41320293398533,1.4826,1,5,4,-1.47365604755267,2.01296687552152,0.0425541127803451
"item321",304,493,4.13995943204868,0.980856187287165,4,4.30126582278481,1.4826,1,5,4,-1.26196602287704,1.33876058166759,0.044175540948956
"item322",305,409,3.43276283618582,1.26839501988087,4,3.53799392097264,1.4826,1,5,4,-0.54677463746772,-0.798068987671086,0.0627180972478652
"item323",306,514,3.58171206225681,1.13860837514046,4,3.66747572815534,1.4826,1,5,4,-0.430737480524591,-0.557251153865982,0.0502218624774148
"item324",307,519,4.0597302504817,1.0183152509222,4,4.23980815347722,1.4826,1,5,4,-1.29070800181256,1.36586058435963,0.0446990784165891
"item325",308,477,3.85115303983229,1.10426205047056,4,4,1.4826,1,5,4,-0.99368669839066,0.335305592768982,0.0505606859999238
"item326",309,399,3.39097744360902,1.15941364360498,3,3.46728971962617,1.4826,1,5,4,-0.420314882351978,-0.552316857921105,0.0580432816854411
"item327",310,337,4.27893175074184,0.947710925495937,5,4.45387453874539,0,1,5,4,-1.47756405797133,1.93640900708004,0.0516251036829953
"item328",311,476,4.05042016806723,0.93672432159418,4,4.18062827225131,1.4826,1,5,4,-1.06611220017615,1.00498936701463,0.0429346888867578
"item329",312,403,3.85359801488834,1.13773175199541,4,4.0061919504644,1.4826,1,5,4,-0.864674860456963,0.0112818965093533,0.0566744553969186
"item330",313,514,3.57003891050584,1.0993340170913,4,3.65533980582524,1.4826,1,5,4,-0.560036418923893,-0.298605039765714,0.0484895448062136
"item331",314,39,3.33333333333333,1.08417646003371,3,3.33333333333333,1.4826,1,5,4,-0.0625966359820919,-1.01633622930126,0.173607174944133
"item332",315,411,3.69099756690998,1.15795940258838,4,3.82066869300912,1.4826,1,5,4,-0.73532286185121,-0.203724356104815,0.0571179250980009
"item333",316,529,4.17391304347826,0.889756521002609,4,4.30117647058823,1.4826,1,5,4,-1.18315299679385,1.46503110724698,0.0386850661305482
"item334",317,481,4.0977130977131,0.915613961147888,4,4.22077922077922,1.4826,1,5,4,-1.07094105408103,1.07752326411678,0.0417484030804662
"item335",318,284,3.80633802816901,1.06061618124549,4,3.92982456140351,1.4826,1,5,4,-0.77907609507536,0.0844140175637684,0.0629359915142879
"item336",319,345,4.05507246376812,0.914917748222652,4,4.16606498194946,1.4826,1,5,4,-1.03940976691949,1.15429081627879,0.0492575157514885
"item337",320,404,4.11386138613861,0.919545653584618,4,4.23456790123457,1.4826,1,5,4,-1.02824137285015,0.858496150612969,0.0457491061706323
"item338",321,433,4.32332563510393,0.848111206301012,5,4.46397694524496,0,1,5,4,-1.27974289348345,1.41712697818056,0.0407576235307434
"item339",322,432,4.125,0.871367168568679,4,4.21965317919075,1.4826,1,5,4,-0.831171345433394,0.332633315219756,0.0419236724446774
"item340",323,444,4.16666666666667,0.918417849825095,4,4.30337078651685,1.4826,1,5,4,-1.24111188218489,1.58369800984393,0.0435861822801654
"item341",324,508,4.46653543307087,0.785006315835602,5,4.62745098039216,0,1,5,4,-1.68412908103843,3.1336713161194,0.0348290232144741
"item342",325,516,4.41085271317829,0.862260772852616,5,4.58454106280193,0,1,5,4,-1.8008797626156,3.61392222458698,0.0379589139473559
"item343",326,453,3.89845474613687,1.02332197884852,4,4.01928374655647,1.4826,1,5,4,-0.723741602022406,-0.0409045687562921,0.048079860726642
"item344",327,376,3.78457446808511,0.987320322104086,4,3.88079470198675,1.4826,1,5,4,-0.572000058314092,-0.128278464269543,0.0509171578540615
"item345",328,304,4.17434210526316,0.925901342000856,4,4.31147540983607,1.4826,1,5,4,-1.07113966021325,0.677276700492218,0.0531040839667161
"item346",329,501,4.4750499001996,0.813557771461247,5,4.65087281795511,0,1,5,4,-1.88803622179849,4.06331434989267,0.0363470806869143
"item347",330,162,3.32098765432099,1.14563346543025,3,3.36923076923077,1.4826,1,5,4,-0.299032601351804,-0.688051340664571,0.0900094657955525
"item348",331,437,3.63157894736842,1.11256812030008,4,3.72079772079772,1.4826,1,5,4,-0.49625704578991,-0.456071661205486,0.0532213507832585
"item349",332,242,3.82644628099174,1.06765097526585,4,3.93814432989691,1.4826,1,5,4,-0.650919445271903,-0.357016728177046,0.0686312040500828
"item350",333,287,3.45296167247387,1.1842719025145,4,3.52813852813853,1.4826,1,5,4,-0.410626899239704,-0.731245662359361,0.0699053600923077
"item351",334,469,4.08528784648188,1.04859336604293,4,4.25994694960212,1.4826,1,5,4,-1.14647946810061,0.744137693554269,0.048419542815468
"item352",335,105,3.44761904761905,1.2933331445187,4,3.55294117647059,1.4826,1,5,4,-0.466745054702294,-0.904992978018463,0.126216391008255
"item353",336,229,3.10917030567686,1.21444294926074,3,3.13513513513514,1.4826,1,5,4,-0.222906778890881,-0.866332223841719,0.0802526490063032
"item354",337,145,3.67586206896552,1.11107279627425,4,3.76923076923077,1.4826,1,5,4,-0.518902009889641,-0.476911999010186,0.0922695735190321
"item355",338,117,3.52136752136752,1.22191406237615,4,3.61052631578947,1.4826,1,5,4,-0.414505057597264,-0.828424435331169,0.112965995028403
"item356",339,295,4.06101694915254,0.927474984379915,4,4.17299578059072,1.4826,1,5,4,-0.910787183650771,0.521326668577679,0.0539996813126354
"item357",340,390,4.20512820512821,0.853828130887274,4,4.32051282051282,1.4826,1,5,4,-1.09525322139702,1.23531169164562,0.0432352680436504
"item358",341,426,4.1830985915493,0.925098798996028,4,4.31578947368421,1.4826,1,5,4,-1.11604100206001,0.93594235812745,0.0448211832648132
"item359",342,530,3.94905660377359,1.00059011728145,4,4.07783018867925,1.4826,1,5,4,-0.870132823513807,0.336661535163666,0.0434628573330104
"item360",343,462,4.2987012987013,0.874784411965008,4.5,4.45675675675676,0.7413,1,5,4,-1.37236851899628,1.7037291108611,0.0406986541418076
"item361",344,490,4.44489795918367,0.812746416807011,5,4.60459183673469,0,1,5,4,-1.59000191379895,2.5262954155451,0.036716140532153
"item362",345,507,4.43392504930967,0.785914146554629,5,4.58968058968059,0,1,5,4,-1.61014415199563,2.98043856969102,0.0349036726210192
"item363",346,370,4.21891891891892,0.89149484336067,4,4.36148648648649,1.4826,1,5,4,-1.21869641571666,1.31983272051876,0.0463466100028163
"item364",347,468,4.06623931623932,0.910263370124569,4,4.17021276595745,1.4826,1,5,4,-0.793334499987923,0.0905456063877446,0.0420769391687281
"item365",348,261,3.96551724137931,1.05007262600922,4,4.11004784688995,1.4826,1,5,4,-0.844901924806079,0.0558758899523122,0.0649978637990823
"item366",349,434,3.49539170506912,1.21622098944786,4,3.57471264367816,1.4826,1,5,4,-0.396585841109104,-0.869270955139352,0.0583804756986114
"item367",350,322,3.97826086956522,1.02438770723087,4,4.12403100775194,1.4826,1,5,4,-0.910124277994786,0.273319141236981,0.0570868950469784
"item368",351,307,4.06188925081433,0.96984619802588,4,4.17813765182186,1.4826,1,5,4,-0.915928212184456,0.438288237809162,0.0553520461746216
"item369",352,380,4.03157894736842,1.00345189528543,4,4.18092105263158,1.4826,1,5,4,-1.01619169221489,0.574079512942812,0.0514759960960836
"item370",353,211,3.84834123222749,1.12788660235327,4,3.97041420118343,1.4826,1,5,4,-0.653083139711854,-0.554413027088145,0.0776469158687205
"item371",354,159,3.92452830188679,1.00345712421772,4,4.03875968992248,1.4826,1,5,4,-0.671690594099116,-0.307980054010193,0.0795793263561033
"item372",355,260,4.13461538461539,0.942944663882584,4,4.26442307692308,1.4826,1,5,4,-0.984621447558053,0.451460022989759,0.0584789455584933
